{
	"name": "SimpleMathJax",
	"version": "0.6.1",
	"author": [
		"jmnote", "vedmaka", "jamesmontalvo3", "badshah400"
	],
	"url": "http://www.mediawiki.org/wiki/Extension:SimpleMathJax",
	"description": "render TeX between <code><nowiki><math></nowiki></code> and <code><nowiki></math></nowiki></code>",
	"license-name": "GPL-2.0+",
	"type": "parserhook",
	"AutoloadClasses": {
		"SimpleMathJax": "SimpleMathJax_body.php"
	},
	"callback": "SimpleMathJax::onRegistration",
	"config": {
		"SimpleMathJaxUseCDN": true,
		"SimpleMathJaxSize": 125,
		"SimpleMathJaxInlineMath": []
	},
	"ResourceModules": {
		"ext.SimpleMathJax": {
			"scripts": "ext.SimpleMathJax.js",
			"_scripts": [
				"modules/MathJax/MathJax.js",
				"modules/MathJax/config/TeX-AMS-MML_HTMLorMML.js",
				"modules/MathJax-mhchem/mhchem.js"
			]
		}
	},
	"ResourceFileModulePaths": {
		"localBasePath": "modules",
		"remoteExtPath": "SimpleMathJax/modules"
	}
}
